"Algorithm","Overlap","V1","V2","Jaccard_Index","e_distance_inside","e_distance_outside","m_distance_inside","m_distance_outside"
"GARP",75.228323,132.191589,132.533493,0.396990025,2.25623,4.345678,0.414599,1.317114
"BRT",123.147594,132.191589,498.306976,0.242726635,3.491005,4.492305,0.651905,1.284133
"GLM",132.191589,132.191589,771.032043,0.171447594,2.252978,4.921061,0.437927,3.35624
"KDE",73.079033,132.191589,143.545456,0.360602733,2.654157,4.21324,0.450399,1.391839
"Maxent",132.191589,132.191589,728.873596,0.181364217,2.25296,4.778948,0.437916,2.943168
"NicheA",81.1147,132.191589,95.667358,0.552762385,2.351469,5.184367,0.430043,1.299924
